pandaid,IObytesRead,IObytesReadRate,IObytesWriteRate,IObytesWritten,IOcharRead,IOcharReadRate,IOcharWriteRate,IOcharWritten,actualcorecount,assignedpriority,avgpss,avgrss,avgvmem,computingsite,cpu_eff,cpuconsumptiontime,currentpriority,dbTime,failedattempt,hs06sec,inputfilebytes,maxcpucount,maxdiskcount,maxpss,maxrss,maxvmem,minramcount,nevents,outputfilebytes,queue_time,timeExe,timeStageIn,timeStageOut,wall_time,workDirSize
3949326261,305616,2523796,3042733,368456,396336,3272970,2727205,330247,1,895,110968,116853,727794,DESY-HH_UCORE,0.31791908,110,895,,0,3889,337409933,600,941,255625,265148,1345092,247,10000,335528078,119,202,49,14,346,688128
3949304944,466752,3854468,3024598,366260,682460,5635804,2708206,327946,1,895,110739,116668,698801,DESY-HH_UCORE,0.2901024,85,895,,0,3294,335010384,600,937,254859,265796,1345104,247,10000,333176934,183,162,40,9,293,684032
3949304951,404652,2215848,2011223,367284,403553,2209833,1801683,329018,1,895,186522,194926,1015155,DESY-HH_UCORE,0.2406181,109,895,,0,5092,336128296,600,939,254933,265924,1345112,247,10000,334259103,220,242,58,13,453,684032
3949304956,382976,3137339,2999549,366156,405147,3318966,2686047,327886,1,895,152114,158417,813281,DESY-HH_UCORE,0.26509187,101,895,,0,4283,335011666,600,937,256427,265968,1345108,247,10000,333139880,234,192,37,9,381,671744
3949304974,448336,1821809,1491269,366992,399740,1624341,1335536,328667,1,895,151395,157526,866120,DESY-HH_UCORE,0.12588401,89,895,,0,7948,335801854,600,938,274644,281508,1367608,247,10000,333931883,415,333,73,18,707,712704
3949304980,301032,4892964,5434546,334352,357894,5817202,4869643,299597,1,895,128640,134450,731026,DESY-HH_UCORE,0.30039525,76,895,,0,2844,335645653,600,938,256751,266644,1346128,247,10000,333784767,425,112,25,6,253,684032
3949304981,451928,3702194,3035037,370488,546597,4477724,2720996,332152,1,895,111519,116646,698730,DESY-HH_UCORE,0.28486648,96,895,,0,3788,339396086,600,945,256234,265688,1345096,247,10000,337485320,460,162,41,9,337,692224
3949304987,449252,3680272,2998108,365980,409365,3353518,2683644,327593,1,895,171045,184860,945816,DESY-HH_UCORE,0.33670035,100,895,,0,3339,334685607,600,936,264210,288292,1376320,247,10000,332830513,490,172,36,12,297,684032
3949304993,337164,2806958,2955413,354996,381056,3172371,2648720,318156,1,895,148654,156442,935713,DESY-HH_UCORE,0.2823834,109,895,,0,4339,336971034,600,940,254168,264624,1346124,247,10000,335135252,485,192,33,10,386,679936
3949304996,441916,3649370,3031370,367080,691604,5711313,2715076,328778,1,895,110382,116666,698820,DESY-HH_UCORE,0.27109975,106,895,,0,4395,335933189,600,938,253950,265604,1345104,247,10000,334028604,485,152,36,9,391,696320
3949305000,303132,5006567,4685031,283664,309823,5117079,4201705,254400,1,895,129178,134186,731032,DESY-HH_UCORE,0.3079848,81,895,,0,2956,336329091,600,939,257836,266116,1346136,247,10000,334494075,542,132,27,8,263,684032
3949305018,268148,4358469,5240799,322432,336910,5476126,4696354,288935,1,895,129306,134446,623722,BNL_PROD,0.18414322,72,895,,0,3902,336708964,600,940,257865,266808,1235432,247,10000,334889698,27673,112,154,20,391,671744
3949305020,346988,2888745,3056215,367104,390149,3248074,2735499,328580,1,895,142990,152192,696385,BNL_PROD,0.17142858,66,895,,0,3842,335822353,600,938,245951,265592,1234484,247,10000,333969363,25476,162,82,14,385,671744
3949305021,313400,5176154,4632906,280508,294386,4862122,4149296,251226,1,895,130719,134298,623206,BNL_PROD,0.14814815,84,895,,0,5659,334168504,600,935,260679,266512,1234408,247,10000,332287525,28721,122,227,21,567,675840
3949305024,303340,5010002,5379369,325704,339732,5611063,4820360,291857,1,895,128560,134080,623212,BNL_PROD,0.21538462,70,895,,0,3244,338006086,600,942,256364,266084,1234412,247,10000,336114568,29212,112,90,19,325,675840
3949305030,284844,4629845,5931268,364912,374802,6092032,5308706,326609,1,895,129433,134084,623210,BNL_PROD,0.14348786,65,895,,0,4521,334890103,600,936,258110,266096,1234408,247,10000,333001459,27753,102,136,52,453,679936
3949305049,254504,4136699,4642393,285616,314653,5114368,4165419,256270,1,895,130079,135960,797720,DESY-HH_UCORE,0.31764707,81,895,,0,2866,338238714,600,943,255543,264140,1346192,247,10000,336381464,555,122,30,6,255,663552
3949305056,427660,3503390,3021340,368816,607111,4973456,2707264,330476,1,895,108582,115820,698750,DESY-HH_UCORE,0.310559,100,895,,0,3620,337655203,600,942,248658,263256,1345096,247,10000,335767520,580,162,38,8,322,675840
3949305059,386400,3165388,3019145,368548,408759,3348557,2705442,330254,1,895,155221,162425,821754,DESY-HH_UCORE,0.2596401,101,895,,0,4373,337463652,600,941,254521,265824,1345100,247,10000,335563866,575,182,50,9,389,675840
3949372600,308096,5088553,6059437,366880,377133,6228780,5423695,328387,1,895,39189,41520,292560,BNL_PROD,0.17534247,64,895,,0,3643,335706888,600,938,77612,80968,573116,247,10000,333827708,31705,102,150,16,365,679936
3949372610,358208,5916209,6074301,367780,382583,6318795,5438518,329285,1,895,76009,78936,399736,BNL_PROD,0.1724138,65,895,,0,3763,336539048,600,940,151366,155796,787476,247,10000,334693183,32177,102,152,15,377,675840
3949315100,452224,3734494,3041313,368284,734971,6069442,2724804,329956,1,895,114144,119953,700942,DESY-HH_UCORE,0.28653294,100,895,,0,3923,337078218,600,941,255215,265576,1345108,247,10000,335235997,378,162,34,9,349,671744
3949315104,418720,3457816,3039694,368088,741208,6120946,2723976,329856,1,895,107224,113766,701833,DESY-HH_UCORE,0.28370786,101,895,,0,4002,336846009,600,940,231997,244716,1345080,247,10000,335029159,395,152,35,9,356,675840
3949315107,367496,3010527,3008266,367220,411873,3374070,2694323,328896,1,895,139428,158945,871730,DESY-HH_UCORE,0.25252524,100,895,,0,4452,336074591,600,939,211795,242556,1345184,247,10000,334171353,402,182,51,11,396,671744
3949315116,301504,2489839,1821101,220524,264307,2182670,1633587,197817,1,895,85276,88996,487002,DESY-HH_UCORE,0.29341316,98,895,,0,3755,333143820,600,933,255312,264720,1345092,247,10000,331313871,402,152,33,8,334,667648
3949315117,452776,3739053,3031337,367076,739383,6105880,2715820,328868,1,895,115131,120869,701868,DESY-HH_UCORE,0.2624672,100,895,,0,4283,335865328,600,938,255337,265920,1345108,247,10000,334012443,380,152,34,11,381,659456
3949315125,276920,2268528,2597421,317068,356917,2923864,2328565,284248,1,895,146086,170173,998906,DESY-HH_UCORE,0.27114427,109,895,,0,4519,336494246,600,939,216611,251112,1345096,247,10000,334623321,384,212,49,13,402,679936
3949315129,413820,2242072,1988510,367020,407692,2208874,1780888,328699,1,895,169100,176843,908782,DESY-HH_UCORE,0.21914893,103,895,,0,5284,335841704,600,938,254780,265488,1346128,247,10000,333968823,421,262,60,13,470,684032
3949315136,303216,4928463,5545853,341200,358019,5819238,4967472,305615,1,895,128101,133292,731006,DESY-HH_UCORE,0.35023043,76,895,,0,2439,334770596,600,936,255781,264324,1346104,247,10000,332926264,521,112,26,8,217,671744
3949315138,383536,3167265,3019445,365636,406256,3354888,2702707,327281,1,895,159843,179296,941322,DESY-HH_UCORE,0.2682927,99,895,,0,4148,334367112,600,935,254583,279328,1363980,247,10000,332512945,549,172,44,12,369,688128
3949315139,385008,3153985,3020488,368712,408407,3345670,2706527,330386,1,895,129532,145356,812574,DESY-HH_UCORE,0.28065395,103,895,,0,4126,337584577,600,942,200110,228344,1344072,247,10000,335699690,549,182,45,12,367,684032
3949315142,450108,3658020,2981985,366924,703411,5716614,2670621,328611,1,895,100956,110036,698813,DESY-HH_UCORE,0.30063292,95,895,,0,3552,335739366,600,938,226341,245820,1345104,247,10000,333858555,551,162,37,12,316,671744
3949315149,269332,4448322,4786968,289836,308041,5087650,4287766,259610,1,895,129199,134100,623202,BNL_PROD,0.1611479,73,895,,0,4521,335369455,600,937,257640,266124,1234392,247,10000,333438114,35722,122,153,21,453,692224
3949315152,413284,3440673,3039065,365044,681091,5670227,2718369,326522,1,895,100184,104637,591506,BNL_PROD,0.14955357,67,895,,0,4471,333698326,600,934,221533,229768,1234488,247,10000,331838158,28078,152,143,15,448,671744
3949315157,334580,5525966,6053359,366512,382012,6309360,5417455,328009,1,895,92484,96352,427806,BNL_PROD,0.08372093,54,895,,0,6438,335272441,600,937,184344,190624,843608,247,10000,333386390,6837,102,362,20,645,692224
3949315158,271712,4487630,5716628,346124,358423,5919772,5120184,310011,1,895,129736,134656,623764,BNL_PROD,0.23489933,70,895,,0,2974,336677826,600,940,258713,267236,1235516,247,10000,334784041,36283,112,93,18,298,675840
3949315178,406540,3384528,3056848,367180,685967,5710820,2736105,328653,1,895,111615,115658,587092,BNL_PROD,0.13461539,63,895,,0,4671,335881790,600,938,256565,265116,1233472,247,10000,334020110,27878,152,192,18,468,692224
3949315182,280292,2314669,2890685,350044,358486,2960402,2586047,313154,1,895,172808,179028,836025,BNL_PROD,0.15778251,74,895,,0,4681,333350381,600,933,257797,265932,1234400,247,10000,331460024,36673,192,104,15,469,671744
3949288421,353132,2869898,2991250,368064,398279,3236812,2680269,329798,1,901,134632,140502,785276,DESY-HH_UCORE,0.31230283,99,901,,0,3563,336994553,86400,621,256590,266040,1346132,1800,10000,335099572,154,182,30,10,317,679936
3949904586,475480,3895132,2995322,365640,668689,5477907,2681501,327331,1,895,111545,118436,763305,DESY-HH_UCORE,0.24927536,86,895,,0,3878,334336948,600,935,255069,265120,1345104,247,10000,332546899,531,162,47,13,345,692224
3949904587,294308,4783672,4890298,300868,330515,5372195,4384134,269727,1,895,128061,133414,731010,DESY-HH_UCORE,0.2977941,81,895,,0,3058,336170381,600,939,255742,264568,1346104,247,10000,334311550,507,122,41,8,272,684032
3949904593,294308,4783672,4777236,293912,322872,5247959,4286247,263704,1,895,128171,133544,731016,DESY-HH_UCORE,0.2610063,83,895,,0,3575,337841144,600,942,255824,264832,1346112,247,10000,335958685,555,132,38,8,318,671744
3949904597,301964,4908113,3950429,243044,281329,4572719,3547084,218228,1,895,129653,135780,731028,DESY-HH_UCORE,0.25308642,82,895,,0,3642,338210942,600,943,258945,269304,1346124,247,10000,336330547,567,132,40,8,324,675840
3949288420,301780,4984237,5508789,333540,355113,5865103,4936244,298874,1,901,132633,140112,771700,DESY-HH_UCORE,0.30739298,79,901,,0,2889,336266020,86400,620,254939,266532,1346116,1800,10000,334328479,180,112,25,8,257,684032
3949288426,438232,588910,493858,367500,410207,551250,442283,329120,1,901,145927,153392,840716,DESY-HH_UCORE,0.19607843,260,901,,0,14907,336254393,86400,620,254678,265868,1346128,1800,10000,334359410,247,853,134,20,1326,729088
3949288427,401728,2223618,2031217,366968,401693,2223429,1819458,328710,1,901,145574,152817,918202,DESY-HH_UCORE,0.2527964,113,901,,0,5025,335833920,86400,620,254066,265292,1346220,1800,10000,333946803,339,242,37,10,447,684032
3949315057,453256,3773448,3060078,367568,733545,6106914,2740955,329235,1,895,114623,120405,701304,DESY-HH_UCORE,0.3125,100,895,,0,3597,336341165,600,939,256494,266952,1346128,247,10000,334497789,320,152,38,9,320,671744
3949315081,449096,3708663,3028331,366712,725285,5989450,2711939,328398,1,895,113639,119854,744104,DESY-HH_UCORE,0.23931624,84,895,,0,3946,335506828,600,938,254094,264540,1345088,247,10000,333640178,370,162,40,9,351,675840
3949315092,275516,1525018,1592214,287656,320989,1776722,1426428,257704,1,895,111209,118076,701781,DESY-HH_UCORE,0.2745592,109,895,,0,4463,334004596,600,935,251588,265832,1346116,247,10000,332092302,351,212,35,10,397,671744
3949315097,349076,2882692,3023310,366104,400327,3305929,2707025,327803,1,895,133324,140516,839213,DESY-HH_UCORE,0.25255102,99,895,,0,4407,334940254,600,936,254129,264096,1344088,247,10000,333055449,351,192,50,11,392,684032
3949315102,447812,3698060,3028199,366696,404772,3342636,2712289,328441,1,895,167853,173846,936597,DESY-HH_UCORE,0.32822084,107,895,,0,3665,335472831,600,937,257397,265932,1348764,247,10000,333647778,381,162,38,11,326,675840
3949315120,302204,2495620,2849891,345104,373662,3085725,2554643,309351,1,895,159069,171416,935722,DESY-HH_UCORE,0.28426397,112,895,,0,4429,337229314,600,941,250707,265824,1346132,247,10000,335394485,406,192,42,10,394,671744
3949315131,313276,5091978,3609031,222040,266084,4324928,3238303,199231,1,895,97055,104920,730508,DESY-HH_UCORE,0.30625,98,895,,0,3597,334629482,600,936,193600,207572,1345088,247,10000,332732221,490,142,38,9,320,671744
3949315135,450600,2454331,1998259,366868,652915,3556303,1789491,328539,1,895,132345,143987,898362,DESY-HH_UCORE,0.24697337,102,895,,0,4643,335635685,600,938,225878,246544,1346108,247,10000,333783730,544,232,56,13,413,688128
3949315141,448524,2456088,2008178,366728,733583,4017057,1798176,328377,1,895,143266,151296,886681,DESY-HH_UCORE,0.22149123,101,895,,0,5126,335487235,600,938,254274,266972,1346128,247,10000,333617988,525,232,51,12,456,688128
3949315143,445000,3674838,3034838,367500,408118,3370268,2717958,329127,1,895,136244,156066,935902,DESY-HH_UCORE,0.23677582,94,895,,0,4463,336279931,600,939,217465,249116,1346672,247,10000,334387586,521,172,44,12,397,688128
3949315144,278952,4534076,4841602,297872,320043,5201982,4336884,266820,1,895,109494,115476,731014,DESY-HH_UCORE,0.3203125,82,895,,0,2878,333981395,600,935,218637,228696,1346112,247,10000,332161347,541,122,25,8,256,671744
3949315154,425652,3515061,3012112,364748,705247,5823975,2693975,326223,1,895,115397,119808,593573,BNL_PROD,0.15198238,69,895,,0,4531,333411795,600,934,257188,265588,1234404,247,10000,331533687,36253,152,152,15,454,679936
3949315163,425724,3544238,3063042,367924,391100,3255991,2742395,329408,1,895,178007,183268,833037,BNL_PROD,0.18382353,75,895,,0,4072,336702764,600,940,276698,282776,1252684,247,10000,334812089,7005,162,144,21,408,679936
3949315169,331156,2734707,3023442,366120,378346,3124406,2705520,327621,1,895,146721,152274,696329,BNL_PROD,0.17281106,75,895,,0,4332,334840578,600,936,256348,265460,1234400,247,10000,332988870,29735,162,153,22,434,684032
3949315177,400228,3331979,3064307,368076,437349,3641021,2743499,329541,1,895,111726,116304,591046,BNL_PROD,0.1109215,65,895,,0,5849,336839896,600,940,256227,265000,1233380,247,10000,334929811,28591,152,327,14,586,688128
3949315181,272024,4421469,5964426,366952,376564,6120673,5339824,328524,1,895,129335,134556,623718,BNL_PROD,0.17391305,68,895,,0,3902,335860136,600,938,257912,267036,1235424,247,10000,333986442,36690,112,154,17,391,671744
3949315192,263496,2175966,2643968,320168,344506,2844956,2367411,286678,1,895,173444,180302,852652,BNL_PROD,0.1780822,78,895,,0,4371,335134056,600,937,257804,266352,1235420,247,10000,333293582,26730,202,91,20,438,671744
3949315193,402364,3349762,3064407,368088,405873,3378981,2743778,329574,1,895,111510,116368,591221,BNL_PROD,0.16509435,70,895,,0,4232,336802781,600,940,256205,265640,1234368,247,10000,334964249,36685,152,143,14,424,684032
3949304958,279208,4538237,4835295,297484,324576,5275653,4332382,266543,1,895,126808,131932,731030,DESY-HH_UCORE,0.3151751,81,895,,0,2889,334689906,600,936,253298,261604,1346132,247,10000,332807650,204,122,28,9,257,684032
3949304962,301176,2487130,3002632,363600,393998,3253668,2688369,325544,1,895,172902,180945,1002330,DESY-HH_UCORE,0.25376883,101,895,,0,4474,334387318,600,935,256393,267588,1347140,247,10000,332579381,409,202,51,12,398,684032
3949304984,449220,3709687,3043063,368496,409824,3384356,2726739,330191,1,895,108069,113604,697305,DESY-HH_UCORE,0.36900368,100,895,,0,3046,337300092,600,941,255772,265932,1345112,247,10000,335475047,460,162,35,10,271,688128
3949304985,407228,3362915,3031865,367140,410152,3387068,2715603,328842,1,895,162202,169154,843666,DESY-HH_UCORE,0.29069766,100,895,,0,3867,335904204,600,938,254497,265136,1345108,247,10000,334115263,460,182,36,10,344,684032
3949304989,301576,2510681,2969799,356724,382547,3184786,2661888,319738,1,895,170627,178289,935708,DESY-HH_UCORE,0.30939227,112,895,,0,4069,337388297,600,941,256019,266808,1346108,247,10000,335515389,486,192,37,9,362,675840
3949304990,302376,4914809,5197628,319776,345097,5609199,4657773,286562,1,895,128087,133426,730542,DESY-HH_UCORE,0.33333334,79,895,,0,2664,336396684,600,939,255617,264596,1345176,247,10000,334508486,509,122,25,8,237,671744
3949304994,446196,3684715,3018322,365500,733788,6059671,2702817,327294,1,895,114125,120622,701832,DESY-HH_UCORE,0.30625,98,895,,0,3597,334272285,600,935,253276,265432,1345092,247,10000,332407762,515,152,34,9,320,675840
3949305004,305284,4962076,3456568,212660,248949,4046413,3103368,190929,1,895,116798,122338,730502,DESY-HH_UCORE,0.26397514,85,895,,0,3620,335381842,600,937,233151,242420,1345088,247,10000,333498921,485,142,28,8,322,684032
3949305005,309296,5108372,5050830,305812,330268,5454764,4526802,274083,1,895,130225,133954,623200,BNL_PROD,0.20168068,72,895,,0,3563,337196418,600,941,259783,265836,1234396,247,10000,335325178,7725,122,145,15,357,679936
3949305035,241040,1334188,1561306,282072,321487,1779474,1399430,252826,1,895,110801,129929,701779,DESY-HH_UCORE,0.29048842,113,895,,0,4373,335738948,600,938,221725,259164,1346112,247,10000,333836166,541,212,38,13,389,671744
3949305037,297552,4836400,4925797,303052,329621,5357655,4413971,271562,1,895,125506,133960,730512,DESY-HH_UCORE,0.31034482,81,895,,0,2934,334878815,600,936,250480,265660,1345100,247,10000,332980269,541,122,28,8,261,663552
3949305043,302492,4916695,3860837,237532,271805,4417923,3462027,212995,1,895,128663,134274,731078,DESY-HH_UCORE,0.254717,81,895,,0,3575,334527598,600,936,256818,266284,1346220,247,10000,332609565,564,132,31,8,318,663552
3949305044,300780,2483860,1578941,191200,238083,1966105,1418177,171732,1,895,85898,90173,525988,DESY-HH_UCORE,0.3006135,98,895,,0,3665,334842458,600,936,256293,265976,1346124,247,10000,332989622,541,152,37,9,326,667648
3949305048,248260,1366764,1562844,283876,323147,1779048,1401152,254506,1,895,111693,130836,701788,DESY-HH_UCORE,0.28791773,112,895,,0,4373,335662811,600,938,223385,260840,1346124,247,10000,333789530,541,212,37,12,389,663552
3949305058,279392,4541228,3587380,220708,258686,4204680,3221079,198171,1,895,114546,121512,827354,DESY-HH_UCORE,0.26086956,84,895,,0,3620,335911648,600,938,222505,231916,1345108,247,10000,334045953,570,142,34,8,322,675840
3949305062,452100,3733470,3027241,366580,721199,5955709,2710769,328257,1,895,105517,116050,700450,DESY-HH_UCORE,0.27129337,86,895,,0,3563,335341770,600,937,232777,256436,1346128,247,10000,333495617,566,152,27,8,317,663552
3949372601,262348,2166486,2754361,333536,356858,2946962,2465621,298571,1,895,172079,178816,828513,BNL_PROD,0.16470589,70,895,,0,4242,335415847,600,937,256557,266388,1235440,247,10000,333571745,33076,192,88,20,425,692224
3949372605,426632,3523154,3049571,369284,699277,5774677,2731386,330753,1,895,112231,116609,591518,BNL_PROD,0.13646056,64,895,,0,4681,338090563,600,942,256903,265524,1234392,247,10000,336172859,33109,152,154,64,469,688128
3949372615,305828,4970918,3921952,241292,267918,4354738,3516489,216346,1,895,132605,136880,638864,BNL_PROD,0.15402299,67,900,,0,4341,336069547,600,939,259658,265732,1234396,247,10000,334249241,41876,142,164,16,435,688128
3949372616,409568,3409736,3072033,369004,668496,5565370,2751394,330489,1,895,111512,116372,591125,BNL_PROD,0.05965293,55,900,,0,9203,337837424,600,942,255315,265064,1233460,247,10000,335901285,42267,152,629,22,922,8494730
3949904583,295348,2458832,1734872,208388,241884,2013734,1558125,187157,1,895,85564,89461,487348,DESY-HH_UCORE,0.26751593,84,895,,0,3530,338114627,600,943,256284,266128,1346108,247,10000,336233921,488,152,47,10,314,679936
3949904590,360028,2949349,3016654,368244,399610,3273610,2703032,329960,1,895,150574,158024,870580,DESY-HH_UCORE,0.21859297,87,895,,0,4474,337151753,600,941,254245,265092,1345192,247,10000,335262079,546,192,52,9,398,684032
3949904591,452272,3734891,3023079,366076,734307,6063961,2707497,327861,1,895,114810,120961,702196,DESY-HH_UCORE,0.2964072,99,895,,0,3755,334838590,600,936,255197,266272,1346116,247,10000,332987596,540,152,47,10,334,675840
3949904595,301764,4983973,4564727,276380,303326,5009776,4094565,247913,1,895,127971,134040,730550,DESY-HH_UCORE,0.2610063,83,895,,0,3575,337901587,600,942,255608,265820,1345180,247,10000,335963585,553,132,43,6,318,671744
3949904600,292852,2438052,1737436,208696,256159,2132575,1560679,187464,1,895,85553,89409,487010,DESY-HH_UCORE,0.309375,99,895,,0,3597,337017088,600,940,256202,265956,1345104,247,10000,335215025,561,152,43,10,320,671744
3949304943,302084,2474672,1598816,195168,233076,1909365,1436758,175385,1,895,85084,89245,487036,DESY-HH_UCORE,0.30141845,85,895,,0,3170,336426833,600,939,254737,265476,1345188,247,10000,334589517,175,152,33,10,282,675840
3949304954,449708,3684007,3001974,366452,636475,5214004,2688267,328157,1,895,110219,116738,698845,DESY-HH_UCORE,0.26875,86,895,,0,3597,335168137,600,937,254074,265800,1345104,247,10000,333380844,209,162,30,9,320,675840
3949304961,295072,1624482,1639016,297712,335263,1845753,1468674,266770,1,895,119312,125553,669254,DESY-HH_UCORE,0.22100656,101,895,,0,5137,335351545,600,937,254541,266280,1346136,247,10000,333434585,217,222,50,14,457,692224
3949304969,301648,4982057,4125266,249772,282918,4672713,3700866,224075,1,895,103019,110456,731024,DESY-HH_UCORE,0.27129337,86,895,,0,3563,335521998,600,938,205517,218656,1346120,247,10000,333641637,373,142,28,8,317,688128
3949304970,298156,2442493,2996535,365788,395565,3240476,2682435,327445,1,895,106973,112368,696777,DESY-HH_UCORE,0.25376883,101,895,,0,4474,334613392,600,936,253813,263904,1344080,247,10000,332788602,407,212,36,12,398,684032
3949304976,352952,2914700,3022980,366064,397077,3279093,2707040,327805,1,895,132532,138153,782940,DESY-HH_UCORE,0.27918783,110,895,,0,4429,334789901,600,936,256075,264548,1344084,247,10000,333020485,464,182,41,11,394,696320
3949304982,357684,1476888,1517254,367460,403617,1666550,1359195,329180,1,895,185263,199315,1057524,DESY-HH_UCORE,0.21722846,116,895,,0,6003,336289625,600,939,251421,267708,1346296,247,10000,334455377,467,322,52,11,534,700416
3949304999,296948,4904431,4519341,273632,305657,5048283,4052582,245371,1,895,126567,134128,731030,DESY-HH_UCORE,0.2681388,85,895,,0,3563,336150621,600,939,252607,265996,1346132,247,10000,334284654,510,132,30,8,317,688128
3949305007,278428,2317969,2873360,345140,365369,3041776,2573308,309098,1,895,171028,177810,826940,BNL_PROD,0.078608245,61,895,,0,7745,336067086,600,939,256832,266240,1235432,247,10000,334247960,7722,172,376,95,776,8755176
3949305011,266280,2216835,2340980,281192,312786,2604013,2097428,251937,1,895,172463,180605,855246,BNL_PROD,0.107902735,71,895,,0,6567,335778724,600,938,255509,266140,1234404,247,10000,333839657,7745,202,238,144,658,700416
3949305014,277292,4579790,4991900,302244,322753,5330634,4472294,270783,1,895,129147,134094,623208,BNL_PROD,0.2,71,895,,0,3543,336378037,600,939,257535,266112,1234404,247,10000,334488293,28548,122,92,21,355,692224
3949305015,437816,3615512,3034970,367516,396932,3277897,2716921,329002,1,895,168724,173956,821985,BNL_PROD,0.13221602,71,895,,0,5360,336200419,600,939,255984,265456,1234384,247,10000,334395863,27580,162,270,19,537,684032
3949305031,274804,4538698,5810440,351804,363388,6001764,5199197,314795,1,895,128892,134114,623212,BNL_PROD,0.19827586,69,895,,0,3473,333610276,600,934,257215,266152,1234412,247,10000,331762066,38723,112,91,18,348,679936
3949305041,420472,3472284,3019544,365648,402027,3319966,2703203,327341,1,895,160756,169394,843638,DESY-HH_UCORE,0.30340558,98,895,,0,3631,334484951,600,936,252620,265872,1345072,247,10000,332579054,544,172,37,11,323,663552
3949305045,414264,3421018,3040553,368192,410479,3389765,2724102,329871,1,895,132674,139912,814400,DESY-HH_UCORE,0.30769232,100,895,,0,3653,337093707,600,941,199163,210048,1345104,247,10000,335171198,540,182,34,10,325,675840
3949326276,302204,4991240,5307160,321332,344165,5684281,4754721,287883,1,895,130619,138320,760596,DESY-HH_UCORE,0.38207546,81,895,,0,2383,334556290,600,936,253670,265904,1345100,247,10000,332660890,102,112,25,6,212,675840
3949372602,269448,4450237,5799803,351160,365452,6035859,5190422,314263,1,895,129040,133788,623210,BNL_PROD,0.18681319,68,895,,0,3633,333876049,600,934,257323,265500,1234408,247,10000,332030484,3680,112,143,14,364,684032
3949372604,274824,4539028,5403086,327140,341484,5640004,4836660,292844,1,895,132302,138582,669784,BNL_PROD,0.17031631,70,895,,0,4102,334339505,600,935,257388,266416,1235428,247,10000,332457133,33112,162,154,21,411,684032
3949372607,389360,6430720,6023696,364716,385041,6359391,5388074,326231,1,895,124293,128208,615798,BNL_PROD,0.15424165,60,895,,0,3882,333353889,600,933,247844,254340,1219592,247,10000,331558968,32197,102,146,14,389,684032
3949372608,304264,4945497,5334942,328224,337426,5484513,4776092,293841,1,895,129537,134086,623248,BNL_PROD,0.16367713,73,895,,0,4451,334614375,600,936,258283,266100,1234492,247,10000,332801053,31801,112,161,30,446,692224
3949372609,432968,7150955,6079521,368096,587841,9708860,5443242,329571,1,895,41561,44076,278412,BNL_PROD,0.1855346,59,895,,0,3174,336845195,600,940,78623,81776,527716,247,10000,334962257,24991,92,95,17,318,671744
3949372618,405220,6586433,5992382,368672,638032,10370557,5365826,330124,1,895,39429,41966,269896,BNL_PROD,0.13984169,53,895,,0,3783,337440122,600,941,78277,81848,527788,247,10000,335527374,29251,92,140,12,379,684032
3949315054,463740,2553063,2024569,367744,732711,4033851,1814134,329520,1,895,151502,157070,862932,DESY-HH_UCORE,0.276808,111,895,,0,4508,336550400,600,940,258573,266788,1346132,247,10000,334681908,323,222,52,10,401,679936
3949315064,332208,5399698,5791678,356324,376786,6124278,5188054,319186,1,895,102059,108236,762208,DESY-HH_UCORE,0.29571983,76,895,,0,2889,335665677,600,938,196522,205556,1346200,247,10000,333748389,343,112,24,6,257,671744
3949315084,476964,2640060,2047313,369876,410751,2273563,1835362,331583,1,895,179265,187387,1042778,DESY-HH_UCORE,0.27860695,112,895,,0,4519,338699193,600,944,269536,278968,1363980,247,10000,336881418,350,232,35,10,402,671744
3949315094,303148,1668943,1822521,331044,359988,1981873,1634488,296889,1,895,113134,123180,701792,DESY-HH_UCORE,0.28465346,115,895,,0,4542,337698079,600,942,226448,246204,1346132,247,10000,335910543,396,212,37,12,404,671744
3949315095,356464,2967635,2567292,308376,333472,2776228,2299060,276156,1,895,169457,175494,935717,DESY-HH_UCORE,0.22736841,108,895,,0,5340,334379239,600,935,256986,265164,1346128,247,10000,332518239,379,202,52,13,475,733184
3949315110,322448,2641494,3015376,368088,406650,3331278,2701664,329793,1,895,117680,135152,775168,DESY-HH_UCORE,0.27,108,895,,0,4497,336939682,600,940,227102,261408,1345184,247,10000,335092430,401,202,46,11,400,671744
3949315123,450708,3721975,3033979,367396,739647,6108059,2718128,329148,1,895,92247,100949,701938,DESY-HH_UCORE,0.28977272,102,895,,0,3957,336180845,600,939,192763,207268,1345200,247,10000,334303629,378,152,34,10,352,675840
3949315128,310036,2539814,3013509,367860,411533,3371281,2699564,329536,1,895,140449,159564,880533,DESY-HH_UCORE,0.25765306,101,895,,0,4407,336758570,600,940,231583,262428,1344080,247,10000,334827756,406,192,44,9,392,684032
3949315132,302092,4989390,5214472,315720,342201,5651844,4674964,283054,1,895,128834,134528,731028,DESY-HH_UCORE,0.28832117,79,895,,0,3080,337156610,600,941,257123,266792,1346128,247,10000,335255345,511,122,25,8,274,667648
3949315133,301652,2471133,2745335,335124,363359,2976640,2462920,300649,1,895,171543,178320,935780,DESY-HH_UCORE,0.28826532,113,895,,0,4407,339258785,600,945,257243,266932,1346216,247,10000,337383539,521,202,39,11,392,675840
3949315137,448528,3703973,3043757,368580,716362,5915766,2727422,330273,1,895,111381,117913,742961,DESY-HH_UCORE,0.2962963,88,895,,0,3339,337370415,600,941,254046,265100,1345104,247,10000,335548912,552,162,40,8,297,675840
3949315145,407664,3313078,2988812,367764,501194,4073201,2677059,329403,1,895,103143,116356,698830,DESY-HH_UCORE,0.30674848,100,895,,0,3665,336535553,600,940,236544,265376,1345104,247,10000,334669717,549,172,39,11,326,675840
3949315146,403468,3358953,3051353,366520,721016,6002612,2731103,328052,1,895,115926,120552,594490,BNL_PROD,0.14253898,64,895,,0,4481,335159699,600,937,256687,265448,1234400,247,10000,333325426,28033,152,135,23,449,688128
3949315155,313404,5094058,5480708,337192,344880,5605678,4906693,301876,1,895,130786,134436,623710,BNL_PROD,0.1312608,76,895,,0,5779,335276951,600,937,260963,266792,1235428,247,10000,333372747,28446,112,305,23,579,679936
3949315160,277264,4579328,4885470,295800,314417,5192965,4374538,264864,1,895,129370,134054,623208,BNL_PROD,0.15051547,73,895,,0,4841,333782512,600,934,258105,266036,1234404,247,10000,331911753,36592,122,214,21,485,684032
3949315165,379088,3155984,3070867,368864,384592,3201812,2750202,330346,1,895,164219,169562,737373,BNL_PROD,0.17690417,72,895,,0,4062,337611278,600,942,257855,266092,1234404,247,10000,335776960,34847,162,143,13,407,679936
3949315166,286992,4739996,6067827,367388,379390,6266065,5432441,328917,1,895,36786,39198,285206,BNL_PROD,0.19411765,66,895,,0,3393,336221939,600,939,72816,76324,558400,247,10000,334369606,28556,102,148,14,340,671744
3949315168,306756,5066421,5552128,336164,353121,5832201,4969399,300881,1,895,129618,133924,623206,BNL_PROD,0.23958333,69,895,,0,2874,334045513,600,935,258486,265772,1234400,247,10000,332193434,27755,112,89,23,288,675840
3949315171,411464,3425521,3049422,366288,441379,3674574,2728676,327760,1,895,112117,116548,591330,BNL_PROD,0.20634921,78,895,,0,3773,335024311,600,937,257454,265920,1234408,247,10000,333107747,36399,152,151,16,378,675840
3949315172,399908,3329315,3040830,365256,381448,3175636,2720182,326740,1,895,179654,185392,839894,BNL_PROD,0.1815562,63,895,,0,3463,333996003,600,935,281879,289060,1274220,247,10000,332076342,27957,152,84,12,347,667648
3949315174,428804,3541091,3043592,368560,387402,3199196,2725593,330052,1,895,164902,168772,733308,BNL_PROD,0.15618661,77,895,,0,4920,337384168,600,941,259543,265372,1234408,247,10000,335475540,26002,162,214,22,493,684032
3949315186,424232,3503335,3035301,367556,444218,3668380,2716826,328990,1,895,112024,116418,591401,BNL_PROD,0.16186252,73,895,,0,4501,336250181,600,939,256761,265340,1234412,247,10000,334366615,7525,152,148,15,451,679936
3949315187,427144,7054765,6071527,367612,426750,7048266,5435148,329081,1,895,39383,41930,269872,BNL_PROD,0.16809116,59,895,,0,3503,336309953,600,939,77970,81784,527740,247,10000,334459247,29403,92,148,14,351,679936
3949315188,371880,3071009,3033021,367280,394518,3257962,2715455,328824,1,895,160394,165972,720877,BNL_PROD,0.16407983,74,895,,0,4501,336044899,600,939,255621,264548,1233104,247,10000,334185781,26348,162,147,21,451,675840
3949315191,284032,4544512,5212864,325804,340281,5444500,4670452,291903,1,895,129607,134116,623208,BNL_PROD,0.20108695,74,895,,0,3673,336725774,600,940,258591,266144,1234404,247,10000,334804431,27998,112,153,15,368,675840
3949315194,394344,6513036,6030236,365112,388671,6419341,5394459,326617,1,895,117303,121408,490156,BNL_PROD,0.14788732,63,895,,0,4252,333772271,600,934,233928,240740,968316,247,10000,331957105,28868,102,234,14,426,679936
3949315195,465536,3875681,3055682,367040,478253,3981561,2734812,328498,1,895,113349,116614,591365,BNL_PROD,0.17482518,75,895,,0,4282,335738582,600,938,260223,266052,1234404,247,10000,333862181,26605,162,155,17,429,684032
3949288419,302156,4911234,4865527,299344,324559,5275376,4363280,268444,1,901,128705,134492,731028,DESY-HH_UCORE,0.29927006,82,901,,0,3080,336963354,86400,621,257017,266728,1346128,1800,10000,335065710,155,122,27,9,274,684032
3949904592,415636,1137998,1009554,368724,410776,1124691,904592,330388,1,895,215255,225120,1159371,DESY-HH_UCORE,0.38976377,297,895,,0,8566,337486114,600,941,255392,266324,1346116,247,10000,335660166,575,443,88,21,762,700416
3949315071,450364,2453046,1991462,365620,644215,3508915,1782624,327278,1,895,118849,128980,760335,DESY-HH_UCORE,0.25245097,103,895,,0,4587,334349955,600,935,224660,245468,1346112,247,10000,332492973,317,222,43,10,408,675840
3949315078,327268,2702600,3040421,368176,401022,3311672,2724223,329886,1,895,123156,129436,759273,DESY-HH_UCORE,0.2468828,99,895,,0,4508,337083125,600,941,254968,265820,1345096,247,10000,335192456,360,192,47,11,401,684032
3949315089,512876,4201480,2999320,366128,533463,4370132,2684944,327751,1,895,87669,93476,699020,DESY-HH_UCORE,0.30959752,100,895,,0,3631,334877802,600,936,191003,202476,1345196,247,10000,332976878,350,162,37,11,323,667648
3949315098,359228,2966528,2448615,296512,328909,2716152,2194886,265786,1,895,128832,137405,935698,DESY-HH_UCORE,0.2589928,108,895,,0,4688,335042838,600,937,193921,207144,1346108,247,10000,333201049,349,202,34,10,417,671744
3949315122,304312,4946277,5366345,330156,352061,5722402,4809117,295873,1,895,118593,129788,771624,DESY-HH_UCORE,0.2783505,81,895,,0,3271,335026073,600,937,226996,246056,1346120,247,10000,333158140,406,112,26,7,291,671744
3949315130,299676,2474743,1647384,199488,239621,1978813,1479947,179212,1,895,84233,89262,487016,DESY-HH_UCORE,0.26605505,87,895,,0,3676,337736019,600,942,252399,265528,1345112,247,10000,335935280,498,152,33,8,327,675840
3949315150,269276,4447397,4468339,270544,294658,4866611,4006377,242573,1,895,129298,134126,623208,BNL_PROD,0.19023137,74,895,,0,3882,337547775,600,941,257845,266172,1234404,247,10000,335683778,6856,122,88,15,389,692224
3949315153,395052,3288888,3070268,368792,397683,3310793,2749496,330261,1,895,177705,183493,835098,BNL_PROD,0.16190477,68,895,,0,4192,337574169,600,941,275805,283060,1258888,247,10000,335683384,28296,152,145,13,420,679936
3949315161,313400,5176154,5705133,345428,352602,5823631,5113187,309587,1,895,130571,133958,623204,BNL_PROD,0.16705337,72,895,,0,4302,338022877,600,942,259999,265836,1234404,247,10000,336171891,28481,112,176,24,431,688128
3949315162,401612,3316537,3036292,367676,402938,3327493,2718169,329153,1,895,179161,185418,840184,BNL_PROD,0.14468086,68,895,,0,4691,336368690,600,939,281223,288636,1274140,247,10000,334545146,34833,152,204,19,470,692224
3949315170,272568,2250884,2973993,360132,382586,3159426,2662773,322445,1,895,171585,178249,827278,BNL_PROD,0.11912752,71,895,,0,5949,335462229,600,937,257260,266672,1235428,247,10000,333691565,7280,172,231,18,596,688128
3949315185,304340,5026518,4939974,299100,312191,5156191,4428239,268116,1,895,129728,134084,623202,BNL_PROD,0.18161926,83,895,,0,4561,336946801,600,940,258694,266092,1234400,247,10000,335077991,35023,122,168,27,457,684032
3949315189,265828,2213072,2964904,356136,379060,3155757,2655270,318943,1,895,169526,177688,826598,BNL_PROD,0.1400862,65,895,,0,4631,336550305,600,940,255353,266168,1234408,247,10000,334707249,7553,162,141,13,464,675840
3949315196,406928,3387758,3043061,365524,417666,3477159,2722072,326967,1,895,112251,116681,591069,BNL_PROD,0.17555556,79,895,,0,4491,334195047,600,935,257821,266220,1233472,247,10000,332295627,35358,162,152,15,450,684032
3949288422,302608,4997912,4966664,300716,325773,5380520,4451663,269534,1,901,128929,134572,731002,DESY-HH_UCORE,0.2846442,76,901,,0,3001,335097411,86400,619,257342,266888,1346080,1800,10000,333212563,154,112,27,6,267,675840
3949288423,306648,2453184,2919264,364908,396580,3172647,2613252,326656,1,901,111861,118116,732289,DESY-HH_UCORE,0.26370758,101,901,,0,4305,333754633,86400,618,254928,265380,1345104,1800,10000,331888164,156,212,35,10,383,679936
3949372603,407580,3365821,3036160,367660,386478,3191561,2718255,329163,1,895,157772,161637,711914,BNL_PROD,0.17633411,76,895,,0,4302,336406697,600,939,259265,265092,1233384,247,10000,334567573,23037,172,162,17,431,692224
3949372611,397356,2199419,2023711,365612,614172,3399527,1810423,327078,1,895,148464,154355,758642,BNL_PROD,0.17050691,74,895,,0,4332,334283147,600,935,257414,266020,1234400,247,10000,332407427,33637,232,97,15,434,688128
3949372612,306324,4978980,2935011,180572,214094,3479890,2636513,162207,1,895,132759,137958,665128,BNL_PROD,0.17633928,79,895,,0,4471,336559092,600,940,258129,265368,1234404,247,10000,334777653,23058,152,157,17,448,684032
3949372613,266580,2219332,3041296,365312,381509,3176146,2720750,326808,1,895,103260,111286,589718,BNL_PROD,0.13453816,67,895,,0,4970,334082836,600,935,242611,262592,1234404,247,10000,332210283,25154,152,200,15,498,688128
3949372614,307676,5081616,4426520,268012,283997,4690532,3969872,240363,1,895,130433,134124,623206,BNL_PROD,0.20631067,85,895,,0,4112,336494206,600,939,260096,266168,1234408,247,10000,334583312,29213,132,177,24,412,684032
3949304949,444684,2422108,2004817,368072,457345,2491073,1795970,329728,1,895,136298,144122,828208,DESY-HH_UCORE,0.20412844,89,895,,0,4901,336814797,600,940,254080,266312,1346132,247,10000,335001948,183,252,54,15,436,688128
3949304959,443720,437314,363384,368708,735339,724723,325448,330215,1,895,157562,168102,935128,DESY-HH_UCORE,0.3004315,557,895,,0,20844,337419846,600,941,266644,284412,1371452,247,10000,335499124,328,1194,193,51,1854,741376
3949304960,301684,4982651,5736381,347320,369062,6095491,5137513,311060,1,895,137197,143784,817700,DESY-HH_UCORE,0.29615384,77,895,,0,2923,334578858,600,936,258226,267640,1347228,247,10000,332709586,407,112,23,5,260,671744
3949304973,359288,1936373,1986322,368556,731722,3943597,1779751,330227,1,895,111341,127400,795204,DESY-HH_UCORE,0.15978456,89,895,,0,6262,337333458,600,941,229725,259496,1345084,247,10000,335510849,459,252,65,9,557,696320
3949304978,301732,1661148,2021243,367140,395751,2178758,1810926,328937,1,895,191149,199594,1038023,DESY-HH_UCORE,0.2177264,113,895,,0,5834,336305867,600,939,256269,267212,1347136,247,10000,334405677,439,272,57,15,519,704512
3949304995,308792,5100048,5235348,316984,339491,5607077,4690566,283999,1,895,129529,134556,731028,DESY-HH_UCORE,0.30038023,79,895,,0,2956,335237536,600,937,258625,266852,1346128,247,10000,333382452,539,122,27,8,263,684032
3949305012,409384,3408205,3047557,366064,718938,5985311,2726818,327537,1,895,114764,120041,593585,BNL_PROD,0.16545013,68,895,,0,4102,334722727,600,936,255650,266216,1234404,247,10000,332878438,24958,152,147,13,411,684032
3949305013,263396,2192825,3057247,367228,385025,3205417,2737698,328844,1,895,170821,177762,826578,BNL_PROD,0.15609756,64,895,,0,4092,336255461,600,939,256467,266180,1234388,247,10000,334416072,28472,162,143,14,410,684032
3949305016,332568,5492736,6080644,368164,383023,6326068,5445135,329685,1,895,87977,91522,417626,BNL_PROD,0.11554622,55,895,,0,4751,336984672,600,940,175151,180968,823248,247,10000,335103227,7748,103,243,23,476,684032
3949305017,305784,5050368,5441271,329452,344114,5683447,4873018,295046,1,895,129267,134024,623206,BNL_PROD,0.1492205,67,895,,0,4481,336167881,600,939,257885,265972,1234408,247,10000,334315122,7784,112,192,21,449,671744
3949305023,306048,5054728,6050650,366348,378792,6256177,5415316,327880,1,895,129632,133940,623208,BNL_PROD,0.171875,66,895,,0,3832,335208748,600,937,258510,265804,1234404,247,10000,333318845,29120,112,150,15,384,675840
3949305029,413416,6719650,5926326,364608,388573,6315860,5300851,326126,1,895,117343,120446,482750,BNL_PROD,0.16052632,61,895,,0,3792,333291013,600,933,234048,238812,953504,247,10000,331454269,29229,102,148,19,380,671744
3949305038,301812,4984765,5064307,306628,334169,5519190,4540378,274905,1,895,127725,134546,731008,DESY-HH_UCORE,0.3018868,80,895,,0,2979,335578511,600,938,255026,266836,1346108,247,10000,333719488,539,122,28,7,265,663552
3949305047,300996,4971288,5024536,304220,333374,5506057,4502086,272587,1,895,127816,134200,731016,DESY-HH_UCORE,0.3129771,82,895,,0,2945,335290722,600,937,255220,266140,1346116,247,10000,333401809,541,122,25,8,262,671744
3949305050,373696,3061317,3002793,366552,399974,3276591,2689139,328264,1,895,146162,152278,804662,DESY-HH_UCORE,0.26041666,100,895,,0,4317,335456884,600,937,254758,264620,1344076,247,10000,333526093,566,182,36,9,384,684032
3949305051,275836,4483429,4974949,306076,332929,5411428,4454935,274082,1,895,128513,134034,731030,DESY-HH_UCORE,0.31496063,80,895,,0,2855,333886329,600,934,256459,265804,1346132,247,10000,332042179,562,122,24,6,254,671744
3949305054,293644,4772880,4211013,259076,292814,4759403,3778112,232442,1,895,130082,137232,731026,DESY-HH_UCORE,0.25,81,895,,0,3642,335631616,600,938,259662,272208,1346120,247,10000,333807374,568,132,35,10,324,679936
3949305055,301560,4901546,4808508,295836,320890,5215740,4308507,265074,1,895,128740,134340,731026,DESY-HH_UCORE,0.3127413,81,895,,0,2911,334599729,600,936,257022,266420,1346124,247,10000,332723015,568,122,30,7,259,675840
3949305057,301384,2468937,2331705,284632,313881,2571316,2091205,255274,1,895,146502,153552,846686,DESY-HH_UCORE,0.21356784,85,895,,0,4474,335353324,600,937,256379,266168,1346084,247,10000,333498032,572,222,42,14,398,675840
3949618057,447720,3667722,3009904,367420,519780,4258038,2696346,329143,1,895,111309,116801,698848,DESY-HH_UCORE,0.40875912,112,895,,1,3080,336253007,600,939,256281,265932,1345108,247,10000,334366132,465,162,35,11,274,679936
3949904578,293400,4768914,5187031,319124,345687,5618792,4648827,286011,1,895,128120,133810,731024,DESY-HH_UCORE,0.34497815,79,895,,0,2574,336053509,600,939,255780,265356,1346120,247,10000,334168702,495,112,55,8,229,688128
3949904579,293524,2423940,1812446,219476,255583,2110623,1625603,196850,1,895,87209,92308,550866,DESY-HH_UCORE,0.2739274,83,895,,0,3406,334686099,600,936,255010,265872,1345104,247,10000,332844419,518,152,63,11,303,696320
3949904581,291596,2408018,1743905,211176,260505,2151270,1566598,189705,1,895,83123,89397,487377,DESY-HH_UCORE,0.33783785,100,895,,0,3327,337960015,600,942,248860,265920,1346212,247,10000,336099263,541,152,60,11,296,688128
3949904582,451680,3730002,3049967,369332,733071,6053750,2734363,331114,1,895,114685,120821,701897,DESY-HH_UCORE,0.27508092,85,895,,0,3474,338230466,600,943,254646,265852,1345080,247,10000,336339468,528,152,62,9,309,692224
3949904585,295276,4799406,5619061,345704,366944,5964299,5038105,309961,1,895,128449,134458,731020,DESY-HH_UCORE,0.2931727,73,895,,0,2799,337523183,600,941,256367,266656,1346120,247,10000,335712507,509,112,42,7,249,675840
3949904588,275928,2278631,1706611,206660,256215,2115846,1532967,185632,1,895,85379,89257,487350,DESY-HH_UCORE,0.2969697,98,895,,0,3710,334568681,600,936,255622,265492,1346120,247,10000,332770576,541,152,45,9,330,679936
3949904589,292204,2413039,1816576,219976,265053,2188826,1630820,197482,1,895,85737,89589,487382,DESY-HH_UCORE,0.27793697,97,895,,0,3923,336418104,600,939,256692,266500,1346220,247,10000,334623093,541,152,48,10,349,675840
3949372599,417420,3475106,3049122,366252,713122,5936890,2728788,327774,1,895,115012,120282,594020,BNL_PROD,0.102672294,73,895,,0,7096,334886739,600,936,254122,265092,1233380,247,10000,333060592,25243,152,330,21,711,688128
3949372606,406224,3381897,3047324,366036,443703,3693923,2726552,327505,1,895,111662,116276,591009,BNL_PROD,0.2015915,76,895,,0,3763,334647691,600,936,255950,265020,1233380,247,10000,332846678,31777,152,94,17,377,688128
3949304945,301708,2491524,1856743,224840,260669,2152621,1666780,201836,1,895,85760,89538,487382,DESY-HH_UCORE,0.29268292,84,895,,0,3226,335645418,600,938,256921,266360,1346220,247,10000,333804130,176,152,30,12,287,675840
3949304947,453760,3747179,3030379,366960,410647,3391149,2713775,328621,1,895,164683,173157,942890,DESY-HH_UCORE,0.33,99,895,,0,3372,335765613,600,938,249855,264784,1367628,247,10000,333884983,183,172,38,10,300,675840
3949304950,302952,5003594,4398575,266320,297458,4912859,3945713,238900,1,895,128088,134300,731030,DESY-HH_UCORE,0.26602563,83,895,,0,3507,336014204,600,939,255772,266340,1346132,247,10000,334033948,174,132,27,9,312,684032
3949304952,393904,2180311,2034007,367472,403618,2234084,1821974,329165,1,895,179456,185632,947776,DESY-HH_UCORE,0.22818792,102,895,,0,5025,336341642,600,939,258078,266320,1346212,247,10000,334449422,181,242,43,10,447,684032
3949304953,434396,3558572,3014164,367940,591234,4843396,2700243,329619,1,895,109694,116004,698849,DESY-HH_UCORE,0.25839794,100,895,,0,4350,336797708,600,940,251678,263476,1345104,247,10000,334889972,183,162,38,11,387,733184
3949304957,301076,4893679,4156334,255712,289623,4707529,3729314,229440,1,895,129140,135290,790462,DESY-HH_UCORE,0.3151751,81,895,,0,2889,336288340,600,939,257127,266840,1346128,247,10000,334396959,378,132,28,6,257,675840
3949304964,303196,5007624,4441649,268928,296557,4897977,3983159,241167,1,895,129161,134232,731064,DESY-HH_UCORE,0.25230768,82,895,,0,3653,335725739,600,938,257815,266204,1346196,247,10000,333829841,288,132,28,7,325,696320
3949304965,296088,4890227,3666316,221984,266684,4404599,3292758,199366,1,895,127834,134258,730972,DESY-HH_UCORE,0.31132075,99,895,,0,3575,337433326,600,941,255263,266244,1346072,247,10000,335508463,372,142,32,9,318,684032
3949304967,296908,4903770,5629093,340824,360865,5960097,5045018,305460,1,895,114100,124674,731028,DESY-HH_UCORE,0.2934363,76,895,,0,2911,336867932,600,940,227870,247092,1346128,247,10000,334973353,407,112,25,6,259,684032
3949304971,301356,4898230,4216019,259384,287588,4674456,3780369,232581,1,895,128334,134556,731068,DESY-HH_UCORE,0.2647975,85,895,,0,3608,335280560,600,937,256140,266852,1346208,247,10000,333417276,439,132,27,7,321,679936
3949304972,277412,4509045,4433497,272764,303697,4936289,3977171,244689,1,895,97382,103610,731026,DESY-HH_UCORE,0.26498422,84,895,,0,3563,335929476,600,938,194242,204960,1346124,247,10000,334117754,429,132,28,7,317,679936
3949304979,418444,2279184,1992420,365796,703697,3832906,1783703,327476,1,895,105228,120650,792602,DESY-HH_UCORE,0.16261682,87,895,,0,6014,334533540,600,936,215073,244800,1345084,247,10000,332695256,481,252,60,9,535,696320
3949304983,297380,4833605,4004392,246364,279659,4545578,3590799,220918,1,895,127556,134352,731028,DESY-HH_UCORE,0.2672956,85,895,,0,3575,334584168,600,936,254592,266448,1346128,247,10000,332744907,459,132,29,8,318,692224
3949304986,281792,2308440,1544323,188516,237325,1944171,1388937,169548,1,895,84026,89401,487014,DESY-HH_UCORE,0.27323943,97,895,,0,3991,337689453,600,942,251772,265936,1345112,247,10000,335834020,495,162,45,9,355,696320
3949304991,397336,2164213,1982660,364004,404857,2205182,1773924,325681,1,895,141813,152480,912195,DESY-HH_UCORE,0.21777777,98,895,,0,5059,332753962,600,932,245207,265556,1345100,247,10000,330875899,486,252,58,11,450,684032
3949304997,441212,7171445,5967286,367128,397554,6461833,5344226,328795,1,895,118567,123758,599836,DESY-HH_UCORE,0.26190478,66,895,,0,2833,335928859,600,938,230120,238336,1059576,247,10000,334068103,508,92,25,7,252,679936
3949304998,308908,5101964,5704803,345408,364831,6025601,5111783,309502,1,895,129586,134548,731018,DESY-HH_UCORE,0.29501915,77,895,,0,2934,336191310,600,939,258586,266836,1346120,247,10000,334227890,536,112,27,6,261,679936
3949305002,356976,5895861,4329802,262156,293139,4841536,3879833,234911,1,895,96276,102956,731010,DESY-HH_UCORE,0.24846625,81,895,,0,3665,333416348,600,934,192136,203656,1346108,247,10000,331552703,537,132,30,11,326,692224
3949305006,395984,3296647,3072932,369112,398609,3318501,2752230,330590,1,895,174617,180390,830980,BNL_PROD,0.16058394,66,895,,0,4102,337842613,600,942,265844,273012,1246440,247,10000,336021216,27959,152,85,13,411,679936
3949305022,286212,4727114,4692826,284136,297510,4913720,4202858,254469,1,895,129326,133928,623250,BNL_PROD,0.1880531,85,895,,0,4511,333960843,600,935,257878,265780,1234496,247,10000,332065670,30733,122,180,29,452,679936
3949315061,301180,1658109,1903516,345756,373659,2057136,1705011,309699,1,895,186339,194362,1061988,DESY-HH_UCORE,0.224,112,895,,0,5621,335415273,600,937,256966,266824,1346120,247,10000,333590055,331,282,59,12,500,684032
3949315068,473992,3914256,3021790,365920,496895,4103397,2705459,327614,1,895,101673,114373,699138,DESY-HH_UCORE,0.295858,100,895,,0,3800,334697721,600,936,228870,258792,1346136,247,10000,332835783,324,172,37,10,338,675840
3949315074,301172,4895240,3651876,224676,260167,4228757,3278134,201682,1,895,128108,134106,731034,DESY-HH_UCORE,0.21265823,84,895,,0,4440,335150647,600,937,255705,265956,1346132,247,10000,333277121,326,142,48,9,395,692224
3949315113,430464,2382676,2027475,366292,468743,2594557,1815543,328003,1,895,129985,137996,860320,DESY-HH_UCORE,0.29090908,112,895,,0,4328,334967884,600,937,250193,264968,1345108,247,10000,333197674,412,222,37,9,385,667648
3949315119,302996,5004321,3964333,240028,273751,4521316,3558180,215436,1,895,128866,134088,731034,DESY-HH_UCORE,0.2555205,81,895,,0,3563,336274748,600,939,257354,265916,1346140,247,10000,334391924,401,142,30,9,317,659456
3949315124,301688,4982717,5338343,323220,345825,5711705,4788317,289917,1,895,130414,138018,744174,DESY-HH_UCORE,0.2857143,80,895,,0,3147,338119531,600,943,253683,266728,1346128,247,10000,336201151,406,112,25,8,280,671744
3949315126,444700,2422195,1993989,366084,409644,2231254,1785338,327777,1,895,183689,192735,969332,DESY-HH_UCORE,0.19694072,103,895,,0,5879,334834521,600,936,267264,281848,1368700,247,10000,333020604,409,252,60,17,523,741376
3949315127,250608,4073374,3748360,230612,273825,4450753,3364118,206972,1,895,125726,134094,730510,DESY-HH_UCORE,0.30625,98,895,,0,3597,335721069,600,938,250936,265916,1345092,247,10000,333865941,506,142,36,9,320,671744
3949315134,285224,4710796,4919824,297880,323216,5338293,4410952,267069,1,895,127503,136348,739778,DESY-HH_UCORE,0.30827066,82,895,,0,2990,335390906,600,937,250633,266208,1346116,247,10000,333494546,520,122,26,7,266,675840
3949315140,451628,3699736,3021897,368884,571753,4683807,2707865,330550,1,895,109779,116236,699092,DESY-HH_UCORE,0.25647667,99,895,,0,4339,337762933,600,942,255120,264392,1346112,247,10000,335841781,552,162,45,12,386,688128
3949315147,422100,6971458,6080313,368144,718964,11874511,5445406,329702,1,895,45708,48132,274566,BNL_PROD,0.12886597,50,895,,0,3872,336902904,600,940,90769,94192,537128,247,10000,335032130,28061,92,148,17,388,684032
3949315151,345140,2850188,3036126,367656,389448,3216088,2718017,329134,1,895,120342,125878,644001,BNL_PROD,0.17772512,75,895,,0,4212,336395135,600,939,256563,265116,1233384,247,10000,334543602,29814,172,150,19,422,692224
3949315156,267760,4422358,5253714,318096,333613,5509996,4704004,284812,1,895,129238,134008,623206,BNL_PROD,0.15384616,70,895,,0,4541,334812768,600,936,257719,265940,1234400,247,10000,332967941,34437,112,169,15,455,692224
3949315159,305372,5043563,5231979,316780,327892,5415516,4688975,283902,1,895,129425,134094,623092,BNL_PROD,0.2201087,81,895,,0,3673,337035259,600,940,258071,266116,1234292,247,10000,335230032,34549,112,118,22,368,675840
3949315164,335360,5450930,5975413,367628,382715,6220641,5349936,329146,1,895,84733,88246,413802,BNL_PROD,0.11574952,61,895,,0,5260,336372333,600,939,168881,174420,815592,247,10000,334550974,27371,102,152,177,527,692224
3949315167,310764,5132618,5469745,331176,352833,5827443,4899066,296623,1,895,129645,134236,623724,BNL_PROD,0.23509933,71,895,,0,3014,336462187,600,939,258533,266396,1235436,247,10000,334599579,7239,112,78,15,302,671744
3949315173,303372,4930998,2850620,175380,210421,3420185,2558675,157418,1,895,132536,137748,660748,BNL_PROD,0.1805869,80,895,,0,4421,334745469,600,936,258064,265348,1234408,247,10000,332922630,26015,152,156,17,443,679936
3949315175,429084,3543403,3018355,365504,500433,4132609,2700269,326985,1,895,113679,118341,601009,BNL_PROD,0.1583514,73,895,,0,4601,334150814,600,935,257725,265636,1234416,247,10000,332313906,26324,152,156,16,461,692224
3949315176,276876,2305048,2863969,344012,365532,3043128,2564351,308022,1,895,171956,177902,826996,BNL_PROD,0.1763285,73,895,,0,4132,335516262,600,938,258241,266576,1235512,247,10000,333677343,8124,172,143,16,414,679936
3949315179,85768,1416555,8456,512,36346,600308,20263,1226,1,895,34361,36996,273154,BNL_PROD,0.18658893,64,895,,0,3423,336658656,600,940,67989,71916,534304,247,10000,334821897,7352,102,141,17,343,684032
3949315180,269284,4376933,5966181,367060,376556,6120529,5340594,328571,1,895,129574,134406,623724,BNL_PROD,0.2249135,65,895,,0,2884,335910993,600,938,258391,266736,1235436,247,10000,334024869,34999,102,92,16,289,684032
3949315190,307168,4992698,4214718,259304,284802,4629172,3780171,232569,1,895,129767,134080,623206,BNL_PROD,0.15605749,76,895,,0,4861,337022598,600,940,258776,266076,1234400,247,10000,335108845,26578,132,189,17,487,671744
3949315197,274864,4539689,5680491,343936,356628,5890129,5087292,308019,1,895,129365,134104,623208,BNL_PROD,0.17692308,69,895,,0,3892,336434542,600,939,257962,266132,1234404,247,10000,334581946,36747,112,153,16,390,688128
3949305025,267104,2205762,2942909,356368,376000,3105035,2634749,319051,1,895,171642,177653,826601,BNL_PROD,0.1492248,77,895,,0,5150,335348461,600,937,257764,266128,1234408,247,10000,333482228,30763,192,151,21,516,684032
3949305027,262728,2169624,2513424,304360,333991,2758121,2252253,272733,1,895,170765,177864,826993,BNL_PROD,0.1748879,78,895,,0,4451,335914346,600,938,255964,266112,1234488,247,10000,334051211,9079,202,81,15,446,688128
3949305028,281652,4651800,4907140,297112,309699,5115037,4397813,266273,1,895,129531,133100,623206,BNL_PROD,0.16496944,81,895,,0,4900,337053589,600,940,258303,264128,1234400,247,10000,335152681,28832,112,191,20,491,679936
3949305033,423860,3528720,3072033,369004,385824,3212066,2751381,330488,1,895,180269,185300,837870,BNL_PROD,0.15565032,73,895,,0,4681,337788389,600,942,282054,288404,1267184,247,10000,335914295,38771,162,156,18,469,688128
3949305034,284624,4700886,4950610,299744,317068,5236738,4436089,268591,1,895,129618,133996,623206,BNL_PROD,0.18767507,67,895,,0,3563,336825137,600,940,258421,265908,1234400,247,10000,334981182,9127,112,143,12,357,688128
3949305036,364732,6023960,6018345,364392,394045,6508103,5385986,326104,1,895,99894,104552,547430,DESY-HH_UCORE,0.25384617,66,895,,0,2923,333166112,600,933,199393,206844,978932,247,10000,331315143,534,102,24,7,260,671744
3949305042,302396,2477228,1697349,207196,243693,1996341,1524486,186094,1,895,88279,92517,555098,DESY-HH_UCORE,0.26018807,83,895,,0,3586,336790100,600,940,257407,265856,1345100,247,10000,334920969,556,152,33,9,319,663552
3949305052,286348,2364680,3022550,366012,390743,3226782,2706280,327713,1,895,88510,94864,708944,DESY-HH_UCORE,0.28125,108,895,,0,4317,334854703,600,936,195138,207596,1345196,247,10000,333031158,566,182,37,11,384,679936
3949305063,301980,4908373,4599287,282964,312155,5073772,4123104,253667,1,895,128753,134306,731024,DESY-HH_UCORE,0.38497654,82,895,,0,2394,335830122,600,938,257000,266356,1346116,247,10000,333932925,580,132,28,7,213,667648
3949305064,345528,5616201,4235979,260612,293780,4775104,3798851,233718,1,895,95997,102406,730518,DESY-HH_UCORE,0.3090909,85,895,,0,3091,337336071,600,941,191447,202552,1345108,247,10000,335457729,593,142,26,7,275,671744
3949288424,357348,1811506,1854149,365760,401369,2034663,1660033,327467,1,901,142601,149993,824281,DESY-HH_UCORE,0.20404041,101,901,,0,5565,334540334,86400,619,254719,265652,1345104,1800,10000,332711394,156,272,39,10,495,684032
3949288425,305228,2500427,2628059,320808,354590,2904804,2356629,287674,1,901,144069,153550,936061,DESY-HH_UCORE,0.28720626,110,901,,0,4305,337176004,86400,621,232766,250264,1347152,1800,10000,335285355,215,203,37,10,383,688128
3949288428,374776,1541247,1507278,366516,405329,1666898,1349646,328185,1,901,189079,200075,1050740,DESY-HH_UCORE,0.22350675,116,901,,0,5834,335261177,86400,619,252588,265864,1345256,1800,10000,333436484,374,312,47,11,519,688128
3949904580,290116,4791593,5091592,308280,336554,5558581,4563612,276312,1,895,127981,134586,731524,DESY-HH_UCORE,0.2783505,81,895,,0,3271,335847164,600,938,255433,266916,1347132,247,10000,333965602,505,122,54,8,291,692224
3949904584,363592,3002566,3041973,368364,412245,3404348,2725715,330067,1,895,148718,155208,807440,DESY-HH_UCORE,0.25376883,101,895,,0,4474,337258901,600,941,255074,265256,1345116,247,10000,335371016,527,182,65,10,398,684032
3949904601,435932,3514916,2962569,367428,530349,4276201,2653343,329076,1,895,111800,116796,698912,DESY-HH_UCORE,0.23931624,84,895,,0,3946,336205981,600,939,257056,265864,1345172,247,10000,334334225,794,172,41,11,351,692224
